{"access_token": "ya29.a0ARrdaM-usapYhk1NiSKveN7NG9uI3KVh5lqmwcR1FmNrYTYbGKz4J246H34UtLaJxWiH9p775MxvXPRucRkrqcAtJuuEUsrFheH_cIRCHVygETJmtW3D6hGV6WwKMN6Onarblf9Jgmh6MAHnmcdIPvitvJ382A", "client_id": "544564398480-80joiu6u22542bd0gnfqkbn75jjieif8.apps.googleusercontent.com", "client_secret": "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", "refresh_token": "1//0hI-dF9YGteQ_CgYIARAAGBESNgF-L9Ir-DtF89lhRgtWZlZL1NcKfEvfbL34ur1F5qhtln2tCJUpRIEDC8PZHpNijvCuUBqjzw", "token_expiry": "2022-06-05T17:17:46Z", "token_uri": "https://accounts.google.com/o/oauth2/token", "user_agent": null, "revoke_uri": "https://oauth2.googleapis.com/revoke", "id_token": null, "id_token_jwt": null, "token_response": {"access_token": "ya29.a0ARrdaM-usapYhk1NiSKveN7NG9uI3KVh5lqmwcR1FmNrYTYbGKz4J246H34UtLaJxWiH9p775MxvXPRucRkrqcAtJuuEUsrFheH_cIRCHVygETJmtW3D6hGV6WwKMN6Onarblf9Jgmh6MAHnmcdIPvitvJ382A", "expires_in": 3599, "scope": "https://www.googleapis.com/auth/drive", "token_type": "Bearer"}, "scopes": ["https://www.googleapis.com/auth/drive"], "token_info_uri": "https://oauth2.googleapis.com/tokeninfo", "invalid": false, "_class": "OAuth2Credentials", "_module": "oauth2client.client"}